--
-- PostgreSQL database dump
--

-- Dumped from database version 16.3
-- Dumped by pg_dump version 17.4

-- Started on 2025-08-15 15:40:05

SET statement_timeout = 0;
SET lock_timeout = 0;
SET idle_in_transaction_session_timeout = 0;
SET transaction_timeout = 0;
SET client_encoding = 'UTF8';
SET standard_conforming_strings = on;
SELECT pg_catalog.set_config('search_path', '', false);
SET check_function_bodies = false;
SET xmloption = content;
SET client_min_messages = warning;
SET row_security = off;

--
-- TOC entry 5011 (class 1262 OID 17200)
-- Name: recaudo; Type: DATABASE; Schema: -; Owner: postgres
--

CREATE DATABASE recaudo WITH TEMPLATE = template0 ENCODING = 'UTF8' LOCALE_PROVIDER = libc LOCALE = 'Spanish_Colombia.1252';


ALTER DATABASE recaudo OWNER TO postgres;

\connect recaudo

SET statement_timeout = 0;
SET lock_timeout = 0;
SET idle_in_transaction_session_timeout = 0;
SET transaction_timeout = 0;
SET client_encoding = 'UTF8';
SET standard_conforming_strings = on;
SELECT pg_catalog.set_config('search_path', '', false);
SET check_function_bodies = false;
SET xmloption = content;
SET client_min_messages = warning;
SET row_security = off;

--
-- TOC entry 5 (class 2615 OID 2200)
-- Name: public; Type: SCHEMA; Schema: -; Owner: pg_database_owner
--

CREATE SCHEMA public;


ALTER SCHEMA public OWNER TO pg_database_owner;

--
-- TOC entry 5012 (class 0 OID 0)
-- Dependencies: 5
-- Name: SCHEMA public; Type: COMMENT; Schema: -; Owner: pg_database_owner
--

COMMENT ON SCHEMA public IS 'standard public schema';


SET default_tablespace = '';

SET default_table_access_method = heap;

--
-- TOC entry 216 (class 1259 OID 17201)
-- Name: action; Type: TABLE; Schema: public; Owner: postgres
--

CREATE TABLE public.action (
    id integer NOT NULL,
    name character varying(100),
    description character varying,
    status character varying(20),
    created_at timestamp without time zone
);


ALTER TABLE public.action OWNER TO postgres;

--
-- TOC entry 217 (class 1259 OID 17206)
-- Name: action_id_seq; Type: SEQUENCE; Schema: public; Owner: postgres
--

ALTER TABLE public.action ALTER COLUMN id ADD GENERATED BY DEFAULT AS IDENTITY (
    SEQUENCE NAME public.action_id_seq
    START WITH 1
    INCREMENT BY 1
    NO MINVALUE
    NO MAXVALUE
    CACHE 1
);


--
-- TOC entry 247 (class 1259 OID 17443)
-- Name: barrio; Type: TABLE; Schema: public; Owner: postgres
--

CREATE TABLE public.barrio (
    id integer NOT NULL,
    value character varying(50),
    description character varying(120),
    id_municipio integer NOT NULL,
    status boolean DEFAULT true NOT NULL
);


ALTER TABLE public.barrio OWNER TO postgres;

--
-- TOC entry 246 (class 1259 OID 17442)
-- Name: barrio_id_seq; Type: SEQUENCE; Schema: public; Owner: postgres
--

CREATE SEQUENCE public.barrio_id_seq
    AS integer
    START WITH 1
    INCREMENT BY 1
    NO MINVALUE
    NO MAXVALUE
    CACHE 1;


ALTER SEQUENCE public.barrio_id_seq OWNER TO postgres;

--
-- TOC entry 5013 (class 0 OID 0)
-- Dependencies: 246
-- Name: barrio_id_seq; Type: SEQUENCE OWNED BY; Schema: public; Owner: postgres
--

ALTER SEQUENCE public.barrio_id_seq OWNED BY public.barrio.id;


--
-- TOC entry 218 (class 1259 OID 17207)
-- Name: contact_info; Type: TABLE; Schema: public; Owner: postgres
--

CREATE TABLE public.contact_info (
    id integer NOT NULL,
    person integer,
    type integer,
    value character varying(120),
    country integer,
    city integer,
    neighborhood integer,
    description character varying(340),
    user_create character varying(50),
    user_delete character varying(50),
    user_edit character varying(50),
    created_at timestamp without time zone,
    deleted_at timestamp without time zone,
    edited_at timestamp without time zone,
    department integer
);


ALTER TABLE public.contact_info OWNER TO postgres;

--
-- TOC entry 219 (class 1259 OID 17212)
-- Name: contact_info_id_seq; Type: SEQUENCE; Schema: public; Owner: postgres
--

ALTER TABLE public.contact_info ALTER COLUMN id ADD GENERATED BY DEFAULT AS IDENTITY (
    SEQUENCE NAME public.contact_info_id_seq
    START WITH 1
    INCREMENT BY 1
    NO MINVALUE
    NO MAXVALUE
    CACHE 1
);


--
-- TOC entry 243 (class 1259 OID 17417)
-- Name: departamento; Type: TABLE; Schema: public; Owner: postgres
--

CREATE TABLE public.departamento (
    id integer NOT NULL,
    value character varying(50),
    description character varying(120),
    id_pais integer NOT NULL,
    status boolean DEFAULT true NOT NULL
);


ALTER TABLE public.departamento OWNER TO postgres;

--
-- TOC entry 242 (class 1259 OID 17416)
-- Name: departamento_id_seq; Type: SEQUENCE; Schema: public; Owner: postgres
--

CREATE SEQUENCE public.departamento_id_seq
    AS integer
    START WITH 1
    INCREMENT BY 1
    NO MINVALUE
    NO MAXVALUE
    CACHE 1;


ALTER SEQUENCE public.departamento_id_seq OWNER TO postgres;

--
-- TOC entry 5014 (class 0 OID 0)
-- Dependencies: 242
-- Name: departamento_id_seq; Type: SEQUENCE OWNED BY; Schema: public; Owner: postgres
--

ALTER SEQUENCE public.departamento_id_seq OWNED BY public.departamento.id;


--
-- TOC entry 220 (class 1259 OID 17213)
-- Name: glotypes; Type: TABLE; Schema: public; Owner: postgres
--

CREATE TABLE public.glotypes (
    id integer NOT NULL,
    type integer,
    key character varying(6),
    code character varying(50),
    name character varying(50),
    description character varying(120),
    user_create character varying(50),
    user_delete character varying(50),
    user_edit character varying(50),
    created_at timestamp without time zone,
    deleted_at timestamp without time zone,
    edited_at timestamp without time zone,
    status boolean
);


ALTER TABLE public.glotypes OWNER TO postgres;

--
-- TOC entry 221 (class 1259 OID 17216)
-- Name: glotypes_description; Type: TABLE; Schema: public; Owner: postgres
--

CREATE TABLE public.glotypes_description (
    id integer NOT NULL,
    code character varying(50),
    description character varying(120),
    user_create character varying(50),
    user_delete character varying(50),
    user_edit character varying(50),
    created_at timestamp without time zone,
    deleted_at timestamp without time zone,
    edited_at timestamp without time zone
);


ALTER TABLE public.glotypes_description OWNER TO postgres;

--
-- TOC entry 222 (class 1259 OID 17219)
-- Name: glotypes_description_id_seq; Type: SEQUENCE; Schema: public; Owner: postgres
--

ALTER TABLE public.glotypes_description ALTER COLUMN id ADD GENERATED BY DEFAULT AS IDENTITY (
    SEQUENCE NAME public.glotypes_description_id_seq
    START WITH 1
    INCREMENT BY 1
    NO MINVALUE
    NO MAXVALUE
    CACHE 1
);


--
-- TOC entry 223 (class 1259 OID 17220)
-- Name: glotypes_id_seq; Type: SEQUENCE; Schema: public; Owner: postgres
--

ALTER TABLE public.glotypes ALTER COLUMN id ADD GENERATED BY DEFAULT AS IDENTITY (
    SEQUENCE NAME public.glotypes_id_seq
    START WITH 1
    INCREMENT BY 1
    NO MINVALUE
    NO MAXVALUE
    CACHE 1
);


--
-- TOC entry 224 (class 1259 OID 17221)
-- Name: module; Type: TABLE; Schema: public; Owner: postgres
--

CREATE TABLE public.module (
    id integer NOT NULL,
    name character varying(100),
    icon character varying(50),
    url character varying(50),
    description character varying(180),
    type integer,
    parent integer,
    status character varying(20),
    created_at timestamp without time zone,
    "order" integer
);


ALTER TABLE public.module OWNER TO postgres;

--
-- TOC entry 238 (class 1259 OID 17347)
-- Name: module_action_id_seq; Type: SEQUENCE; Schema: public; Owner: postgres
--

CREATE SEQUENCE public.module_action_id_seq
    START WITH 1
    INCREMENT BY 1
    NO MINVALUE
    MAXVALUE 2147483647
    CACHE 1;


ALTER SEQUENCE public.module_action_id_seq OWNER TO postgres;

--
-- TOC entry 239 (class 1259 OID 17348)
-- Name: module_action; Type: TABLE; Schema: public; Owner: postgres
--

CREATE TABLE public.module_action (
    id integer DEFAULT nextval('public.module_action_id_seq'::regclass) NOT NULL,
    module_id integer NOT NULL,
    action_id integer NOT NULL
);


ALTER TABLE public.module_action OWNER TO postgres;

--
-- TOC entry 225 (class 1259 OID 17224)
-- Name: module_id_seq; Type: SEQUENCE; Schema: public; Owner: postgres
--

ALTER TABLE public.module ALTER COLUMN id ADD GENERATED BY DEFAULT AS IDENTITY (
    SEQUENCE NAME public.module_id_seq
    START WITH 1
    INCREMENT BY 1
    NO MINVALUE
    NO MAXVALUE
    CACHE 1
);


--
-- TOC entry 245 (class 1259 OID 17430)
-- Name: municipio; Type: TABLE; Schema: public; Owner: postgres
--

CREATE TABLE public.municipio (
    id integer NOT NULL,
    value character varying(50),
    description character varying(120),
    id_departamento integer NOT NULL,
    status boolean DEFAULT true NOT NULL
);


ALTER TABLE public.municipio OWNER TO postgres;

--
-- TOC entry 244 (class 1259 OID 17429)
-- Name: municipio_id_seq; Type: SEQUENCE; Schema: public; Owner: postgres
--

CREATE SEQUENCE public.municipio_id_seq
    AS integer
    START WITH 1
    INCREMENT BY 1
    NO MINVALUE
    NO MAXVALUE
    CACHE 1;


ALTER SEQUENCE public.municipio_id_seq OWNER TO postgres;

--
-- TOC entry 5015 (class 0 OID 0)
-- Dependencies: 244
-- Name: municipio_id_seq; Type: SEQUENCE OWNED BY; Schema: public; Owner: postgres
--

ALTER SEQUENCE public.municipio_id_seq OWNED BY public.municipio.id;


--
-- TOC entry 241 (class 1259 OID 17409)
-- Name: pais; Type: TABLE; Schema: public; Owner: postgres
--

CREATE TABLE public.pais (
    id integer NOT NULL,
    value character varying(50),
    description character varying(120),
    status boolean DEFAULT true NOT NULL
);


ALTER TABLE public.pais OWNER TO postgres;

--
-- TOC entry 240 (class 1259 OID 17408)
-- Name: pais_id_seq; Type: SEQUENCE; Schema: public; Owner: postgres
--

CREATE SEQUENCE public.pais_id_seq
    AS integer
    START WITH 1
    INCREMENT BY 1
    NO MINVALUE
    NO MAXVALUE
    CACHE 1;


ALTER SEQUENCE public.pais_id_seq OWNER TO postgres;

--
-- TOC entry 5016 (class 0 OID 0)
-- Dependencies: 240
-- Name: pais_id_seq; Type: SEQUENCE OWNED BY; Schema: public; Owner: postgres
--

ALTER SEQUENCE public.pais_id_seq OWNED BY public.pais.id;


--
-- TOC entry 226 (class 1259 OID 17225)
-- Name: person; Type: TABLE; Schema: public; Owner: postgres
--

CREATE TABLE public.person (
    id integer NOT NULL,
    document_type integer,
    document character varying(50),
    unique_code character varying(50),
    firstname character varying(50),
    middlename character varying(50),
    lastname character varying(50),
    maternal_lastname character varying(50),
    fullname character varying(50),
    gender integer,
    occupation character varying(120),
    description character varying(320),
    user_create character varying(50),
    user_delete character varying(50),
    user_edit character varying(50),
    created_at timestamp without time zone,
    deleted_at timestamp without time zone,
    edited_at timestamp without time zone,
    status boolean
);


ALTER TABLE public.person OWNER TO postgres;

--
-- TOC entry 227 (class 1259 OID 17230)
-- Name: person_id_seq; Type: SEQUENCE; Schema: public; Owner: postgres
--

ALTER TABLE public.person ALTER COLUMN id ADD GENERATED BY DEFAULT AS IDENTITY (
    SEQUENCE NAME public.person_id_seq
    START WITH 1
    INCREMENT BY 1
    NO MINVALUE
    NO MAXVALUE
    CACHE 1
);


--
-- TOC entry 228 (class 1259 OID 17231)
-- Name: role; Type: TABLE; Schema: public; Owner: postgres
--

CREATE TABLE public.role (
    id integer NOT NULL,
    name character varying(50),
    description character varying,
    created_at timestamp without time zone,
    hierarchy integer
);


ALTER TABLE public.role OWNER TO postgres;

--
-- TOC entry 229 (class 1259 OID 17236)
-- Name: role_id_seq; Type: SEQUENCE; Schema: public; Owner: postgres
--

ALTER TABLE public.role ALTER COLUMN id ADD GENERATED BY DEFAULT AS IDENTITY (
    SEQUENCE NAME public.role_id_seq
    START WITH 1
    INCREMENT BY 1
    NO MINVALUE
    NO MAXVALUE
    CACHE 1
);


--
-- TOC entry 230 (class 1259 OID 17237)
-- Name: role_permission; Type: TABLE; Schema: public; Owner: postgres
--

CREATE TABLE public.role_permission (
    id integer NOT NULL,
    role_id integer,
    action_id integer,
    allow boolean,
    module_id integer,
    created_at timestamp without time zone
);


ALTER TABLE public.role_permission OWNER TO postgres;

--
-- TOC entry 231 (class 1259 OID 17240)
-- Name: role_permission_id_seq; Type: SEQUENCE; Schema: public; Owner: postgres
--

ALTER TABLE public.role_permission ALTER COLUMN id ADD GENERATED BY DEFAULT AS IDENTITY (
    SEQUENCE NAME public.role_permission_id_seq
    START WITH 1
    INCREMENT BY 1
    NO MINVALUE
    NO MAXVALUE
    CACHE 1
);


--
-- TOC entry 232 (class 1259 OID 17241)
-- Name: user; Type: TABLE; Schema: public; Owner: postgres
--

CREATE TABLE public."user" (
    id integer NOT NULL,
    username character varying(50),
    password character varying(120),
    password_change timestamp without time zone,
    person_id integer,
    user_create character varying(50),
    user_delete character varying(50),
    created_at timestamp without time zone,
    deleted_at timestamp without time zone,
    edited_at timestamp without time zone,
    status boolean
);


ALTER TABLE public."user" OWNER TO postgres;

--
-- TOC entry 233 (class 1259 OID 17244)
-- Name: user_id_seq; Type: SEQUENCE; Schema: public; Owner: postgres
--

ALTER TABLE public."user" ALTER COLUMN id ADD GENERATED BY DEFAULT AS IDENTITY (
    SEQUENCE NAME public.user_id_seq
    START WITH 1
    INCREMENT BY 1
    NO MINVALUE
    NO MAXVALUE
    CACHE 1
);


--
-- TOC entry 234 (class 1259 OID 17245)
-- Name: user_permission; Type: TABLE; Schema: public; Owner: postgres
--

CREATE TABLE public.user_permission (
    id integer NOT NULL,
    user_id integer,
    action_id integer,
    module_id integer,
    allow boolean,
    created_at timestamp without time zone
);


ALTER TABLE public.user_permission OWNER TO postgres;

--
-- TOC entry 235 (class 1259 OID 17248)
-- Name: user_permission_id_seq; Type: SEQUENCE; Schema: public; Owner: postgres
--

ALTER TABLE public.user_permission ALTER COLUMN id ADD GENERATED BY DEFAULT AS IDENTITY (
    SEQUENCE NAME public.user_permission_id_seq
    START WITH 1
    INCREMENT BY 1
    NO MINVALUE
    NO MAXVALUE
    CACHE 1
);


--
-- TOC entry 236 (class 1259 OID 17249)
-- Name: user_role; Type: TABLE; Schema: public; Owner: postgres
--

CREATE TABLE public.user_role (
    id integer NOT NULL,
    user_id integer,
    role_id integer,
    created_at timestamp without time zone
);


ALTER TABLE public.user_role OWNER TO postgres;

--
-- TOC entry 237 (class 1259 OID 17252)
-- Name: user_role_id_seq; Type: SEQUENCE; Schema: public; Owner: postgres
--

ALTER TABLE public.user_role ALTER COLUMN id ADD GENERATED BY DEFAULT AS IDENTITY (
    SEQUENCE NAME public.user_role_id_seq
    START WITH 1
    INCREMENT BY 1
    NO MINVALUE
    NO MAXVALUE
    CACHE 1
);


--
-- TOC entry 4777 (class 2604 OID 17446)
-- Name: barrio id; Type: DEFAULT; Schema: public; Owner: postgres
--

ALTER TABLE ONLY public.barrio ALTER COLUMN id SET DEFAULT nextval('public.barrio_id_seq'::regclass);


--
-- TOC entry 4773 (class 2604 OID 17420)
-- Name: departamento id; Type: DEFAULT; Schema: public; Owner: postgres
--

ALTER TABLE ONLY public.departamento ALTER COLUMN id SET DEFAULT nextval('public.departamento_id_seq'::regclass);


--
-- TOC entry 4775 (class 2604 OID 17433)
-- Name: municipio id; Type: DEFAULT; Schema: public; Owner: postgres
--

ALTER TABLE ONLY public.municipio ALTER COLUMN id SET DEFAULT nextval('public.municipio_id_seq'::regclass);


--
-- TOC entry 4771 (class 2604 OID 17412)
-- Name: pais id; Type: DEFAULT; Schema: public; Owner: postgres
--

ALTER TABLE ONLY public.pais ALTER COLUMN id SET DEFAULT nextval('public.pais_id_seq'::regclass);


--
-- TOC entry 4974 (class 0 OID 17201)
-- Dependencies: 216
-- Data for Name: action; Type: TABLE DATA; Schema: public; Owner: postgres
--

COPY public.action (id, name, description, status, created_at) FROM stdin;
1	VER	\N	\N	\N
2	CREAR	\N	\N	\N
3	MODIFICAR	\N	\N	\N
4	ELIMINAR	\N	\N	\N
\.


--
-- TOC entry 5005 (class 0 OID 17443)
-- Dependencies: 247
-- Data for Name: barrio; Type: TABLE DATA; Schema: public; Owner: postgres
--

COPY public.barrio (id, value, description, id_municipio, status) FROM stdin;
1	El Prado	Barrio tradicional de Barranquilla	1	t
2	La Concepción	Barrio residencial en Barranquilla	1	t
3	Rebolo	Barrio popular de Barranquilla	1	t
4	Los Almendros	Barrio residencial en Soledad	2	t
5	Ciudadela Metropolitana	Barrio en Soledad	2	t
6	Centro	Zona central de Soledad	2	t
7	El Concorde	Barrio residencial en Malambo	3	t
8	Villa Esperanza	Barrio en Malambo	3	t
9	Montecarlo	Barrio en Malambo	3	t
10	El parque	Zona central de Palmar de Varela	4	t
11	Florencio	Barrio en Palmar de Varela	4	t
12	La primavera	Barrio en Palmar de Varela	4	t
\.


--
-- TOC entry 4976 (class 0 OID 17207)
-- Dependencies: 218
-- Data for Name: contact_info; Type: TABLE DATA; Schema: public; Owner: postgres
--

COPY public.contact_info (id, person, type, value, country, city, neighborhood, description, user_create, user_delete, user_edit, created_at, deleted_at, edited_at, department) FROM stdin;
18	3	6	direccion1	1	4	12		administrador	\N	\N	2025-08-14 12:14:31.405567	\N	\N	1
20	3	7	145887459	\N	\N	\N	\N	administrador	\N	\N	2025-08-14 12:43:54.770292	\N	\N	\N
21	3	8	30454031249999	\N	\N	\N	\N	administrador	\N	administrador	2025-08-14 12:50:15.51747	\N	2025-08-14 12:57:04.137178	\N
22	3	9	test@gmail.com	\N	\N	\N	\N	administrador	\N	\N	2025-08-14 20:56:36.253698	\N	\N	\N
\.


--
-- TOC entry 5001 (class 0 OID 17417)
-- Dependencies: 243
-- Data for Name: departamento; Type: TABLE DATA; Schema: public; Owner: postgres
--

COPY public.departamento (id, value, description, id_pais, status) FROM stdin;
1	Atlántico	Departamento de Atlántico	1	t
\.


--
-- TOC entry 4978 (class 0 OID 17213)
-- Dependencies: 220
-- Data for Name: glotypes; Type: TABLE DATA; Schema: public; Owner: postgres
--

COPY public.glotypes (id, type, key, code, name, description, user_create, user_delete, user_edit, created_at, deleted_at, edited_at, status) FROM stdin;
1	1	TIPDOC	CC	CÉDULA DE CIUDADANÍA	\N	\N	\N	\N	\N	\N	\N	\N
2	1	TIPDOC	PA	PASAPORTE	\N	\N	\N	\N	\N	\N	\N	\N
3	2	TIPGEN	M	MASCULINO	\N	\N	\N	\N	\N	\N	\N	\N
4	2	TIPGEN	F	FEMENINO	\N	\N	\N	\N	\N	\N	\N	\N
6	4	TIPUBI	DIR	DIRECCIÓN	\N	\N	\N	\N	\N	\N	\N	\N
7	4	TIPUBI	TEL	TELÉFONO	\N	\N	\N	\N	\N	\N	\N	\N
8	4	TIPUBI	CEL	CELULAR	\N	\N	\N	\N	\N	\N	\N	\N
9	4	TIPUBI	COR	CORREO	\N	\N	\N	\N	\N	\N	\N	\N
\.


--
-- TOC entry 4979 (class 0 OID 17216)
-- Dependencies: 221
-- Data for Name: glotypes_description; Type: TABLE DATA; Schema: public; Owner: postgres
--

COPY public.glotypes_description (id, code, description, user_create, user_delete, user_edit, created_at, deleted_at, edited_at) FROM stdin;
1	TIPDOC	TIPOS DE DOCUMENTOS	\N	\N	\N	\N	\N	\N
2	TIPGEN	TIPOS DE GENEROS	\N	\N	\N	\N	\N	\N
4	TIPUBI	TIPOS DE UBICACION	\N	\N	\N	\N	\N	\N
\.


--
-- TOC entry 4982 (class 0 OID 17221)
-- Dependencies: 224
-- Data for Name: module; Type: TABLE DATA; Schema: public; Owner: postgres
--

COPY public.module (id, name, icon, url, description, type, parent, status, created_at, "order") FROM stdin;
3	Módulos	ti-device-laptop		Módulos	3	2	ACTIVE	2025-08-02 21:14:54.098064	1
2	Configuración	ti-settings		Configuración	2	1	ACTIVE	2025-08-02 21:14:09.675038	1
4	Usuarios	ti-device-laptop	/configuration/users	Usuarios	3	2	ACTIVE	2025-08-02 21:14:54.098064	2
5	Roles	ti-device-laptop	/configuration/roles	Roles	3	2	ACTIVE	2025-08-02 21:14:54.098064	3
1	Seguridad	ti-shield-lock		Seguridad	1	\N	ACTIVE	2025-08-02 19:32:50.615594	3
10	Maestros	ti-adjustments-cog		Maestros	1	\N	ACTIVE	2025-08-02 21:14:09.675038	2
11	Asesores	ti-users	/master/persons	Personas	2	10	ACTIVE	2025-08-02 21:14:54.098064	1
9	Inicio	ti-dashboard	/dashboards/sales	Sales	2	8	ACTIVE	2025-08-03 08:18:45.234409	1
8	Home			Dash	1	\N	ACTIVE	2025-08-03 08:17:34.920104	1
\.


--
-- TOC entry 4997 (class 0 OID 17348)
-- Dependencies: 239
-- Data for Name: module_action; Type: TABLE DATA; Schema: public; Owner: postgres
--

COPY public.module_action (id, module_id, action_id) FROM stdin;
1	1	1
2	2	1
3	3	1
4	3	2
5	3	3
6	3	4
7	4	1
8	4	2
9	4	3
10	4	4
11	5	1
12	5	2
13	5	3
14	5	4
23	8	1
24	9	1
25	10	1
26	11	1
27	11	2
28	11	3
29	11	4
\.


--
-- TOC entry 5003 (class 0 OID 17430)
-- Dependencies: 245
-- Data for Name: municipio; Type: TABLE DATA; Schema: public; Owner: postgres
--

COPY public.municipio (id, value, description, id_departamento, status) FROM stdin;
1	Barranquilla	Capital del departamento de Atlántico	1	t
2	Soledad	Municipio del área metropolitana de Barranquilla	1	t
3	Malambo	Municipio cercano a Barranquilla	1	t
4	Palmar de Varela	Municipio del Atlántico	1	t
\.


--
-- TOC entry 4999 (class 0 OID 17409)
-- Dependencies: 241
-- Data for Name: pais; Type: TABLE DATA; Schema: public; Owner: postgres
--

COPY public.pais (id, value, description, status) FROM stdin;
1	Colombia	República de Colombia	t
\.


--
-- TOC entry 4984 (class 0 OID 17225)
-- Dependencies: 226
-- Data for Name: person; Type: TABLE DATA; Schema: public; Owner: postgres
--

COPY public.person (id, document_type, document, unique_code, firstname, middlename, lastname, maternal_lastname, fullname, gender, occupation, description, user_create, user_delete, user_edit, created_at, deleted_at, edited_at, status) FROM stdin;
3	1	123456789	\N	Test	-	Test	-	Test - Test -	1	Test	-----------	admin_user	\N	\N	2025-08-04 15:36:06.561704	\N	\N	t
4	1	5252525252	\N	Prueba	Prueba	Prueba	Prueba	Prueba Prueba Prueba Prueba	1	Prueba de prueba	Prueba de prueba para pruebas	admin_user	\N	\N	2025-08-05 15:01:21.052339	\N	\N	t
7	1	1478745965	\N	Luz	Milena	Rua 	Caballero	Luz Milena Rua  Caballero	4	sjkjkjhsjhfj	kajkjsfkjakfjkjfkksj	administrador	\N	\N	2025-08-12 14:49:31.556079	\N	\N	t
8	1	52005626	\N	RAFAEL	RAFAEL	GUTIERREZ	CORREALES	RAFAEL RAFAEL GUTIERREZ CORREALES	3	INGENIERO DE SISTEMAS	NANANANANAN	administrador	\N	\N	2025-08-14 21:01:45.495392	\N	\N	t
\.


--
-- TOC entry 4986 (class 0 OID 17231)
-- Dependencies: 228
-- Data for Name: role; Type: TABLE DATA; Schema: public; Owner: postgres
--

COPY public.role (id, name, description, created_at, hierarchy) FROM stdin;
1	Administrador	Rol con todos los permisos del sistema	\N	1
2	Asesor	Rol para asesores	\N	2
\.


--
-- TOC entry 4988 (class 0 OID 17237)
-- Dependencies: 230
-- Data for Name: role_permission; Type: TABLE DATA; Schema: public; Owner: postgres
--

COPY public.role_permission (id, role_id, action_id, allow, module_id, created_at) FROM stdin;
1	1	1	t	1	\N
2	1	1	t	2	2025-08-02 21:16:31.11
3	1	2	t	2	2025-08-02 21:16:31.11
4	1	3	t	2	2025-08-02 21:16:31.11
5	1	4	t	2	2025-08-02 21:16:31.11
6	1	1	t	3	2025-08-02 21:16:38.792
7	1	2	t	3	2025-08-02 21:16:38.792
8	1	3	t	3	2025-08-02 21:16:38.792
9	1	4	t	3	2025-08-02 21:16:38.792
10	1	1	t	4	2025-08-02 23:12:00.902
11	1	2	t	4	2025-08-02 23:12:02.299
12	1	3	t	4	2025-08-02 23:12:02.982
13	1	4	t	4	2025-08-02 23:12:03.591
14	1	1	t	5	2025-08-02 23:12:04.148
15	1	2	t	5	2025-08-02 23:12:04.706
16	1	3	t	5	2025-08-02 23:12:05.238
17	1	4	t	5	2025-08-02 23:12:05.796
26	1	1	t	8	2025-08-03 08:19:12.669
27	1	1	t	9	2025-08-03 08:19:13.91
28	1	1	t	10	2025-08-04 10:37:51.944
30	1	2	t	11	2025-08-04 10:37:53.75
31	1	3	t	11	2025-08-04 10:37:53.75
32	1	4	t	11	2025-08-04 10:37:53.75
53	2	2	t	11	2025-08-02 21:16:31.11
55	2	4	t	11	2025-08-02 21:16:31.11
29	1	1	t	11	2025-08-04 10:37:53.75
52	2	1	t	11	\N
56	2	1	t	10	2025-08-02 21:16:31.11
54	2	3	t	11	2025-08-02 21:16:31.11
57	2	1	t	9	\N
58	2	1	t	8	\N
\.


--
-- TOC entry 4990 (class 0 OID 17241)
-- Dependencies: 232
-- Data for Name: user; Type: TABLE DATA; Schema: public; Owner: postgres
--

COPY public."user" (id, username, password, password_change, person_id, user_create, user_delete, created_at, deleted_at, edited_at, status) FROM stdin;
1	administrador	$2a$10$LescbGPezxzZl3V5LwkAzeBS0kqlZGU420MP7iYFvdSWQk2AlnCJK	\N	\N	SYSTEM	\N	2025-01-01 00:00:00	\N	\N	t
4	123456789	$2a$10$LescbGPezxzZl3V5LwkAzeBS0kqlZGU420MP7iYFvdSWQk2AlnCJK	\N	3	administrador	\N	2025-08-04 15:36:07.267812	\N	\N	t
5	5252525252	$2a$10$LescbGPezxzZl3V5LwkAzeBS0kqlZGU420MP7iYFvdSWQk2AlnCJK	\N	4	administrador	\N	2025-08-05 15:01:21.771828	\N	\N	t
22	elchulaa	$2a$10$9pIM6Sw1h9ocdpI6WTp1Y.BzBv5UNkez/iuo0uy/XnGm6Bs/6LA76	2025-08-08 15:57:56.724285	\N	administrador	\N	2025-08-08 11:25:47.070441	\N	2025-08-08 15:57:56.724285	t
25	1478745965	$2a$10$cYGge3KnRsClKvVhd7mI9e3THwAiLXvcmsMC8ulHHO6/T/a5xmEHi	\N	7	administrador	\N	2025-08-12 14:49:32.130505	\N	\N	t
26	52005626	$2a$10$C6eipwrXleNpd1lkRVzcgOiE5JefASCDdzJzc3TOYRbco91Y8fkQq	\N	8	administrador	\N	2025-08-14 21:01:45.735327	\N	\N	t
\.


--
-- TOC entry 4992 (class 0 OID 17245)
-- Dependencies: 234
-- Data for Name: user_permission; Type: TABLE DATA; Schema: public; Owner: postgres
--

COPY public.user_permission (id, user_id, action_id, module_id, allow, created_at) FROM stdin;
48	4	1	11	t	2025-08-06 18:48:31.933862
49	4	2	11	t	2025-08-06 18:48:33.211354
51	4	4	11	t	2025-08-06 18:48:36.127641
53	4	1	9	f	2025-08-06 18:48:52.810972
52	4	1	8	f	2025-08-06 18:48:52.133458
50	4	3	11	t	2025-08-06 18:48:34.824007
47	4	1	10	t	2025-08-06 18:48:31.149803
54	22	1	8	f	2025-08-08 11:26:34.160602
55	22	1	9	f	2025-08-08 11:26:35.410904
45	5	1	8	t	2025-08-06 18:07:36.675716
46	5	1	9	t	2025-08-06 18:07:37.839803
\.


--
-- TOC entry 4994 (class 0 OID 17249)
-- Dependencies: 236
-- Data for Name: user_role; Type: TABLE DATA; Schema: public; Owner: postgres
--

COPY public.user_role (id, user_id, role_id, created_at) FROM stdin;
9	1	1	2025-08-06 13:28:38.667102
12	4	2	2025-08-06 18:34:47.455344
14	5	2	2025-08-06 19:46:39.882589
28	22	2	2025-08-08 12:28:22.714267
31	25	2	2025-08-12 14:49:32.150523
32	26	2	2025-08-14 21:01:45.741847
\.


--
-- TOC entry 5017 (class 0 OID 0)
-- Dependencies: 217
-- Name: action_id_seq; Type: SEQUENCE SET; Schema: public; Owner: postgres
--

SELECT pg_catalog.setval('public.action_id_seq', 4, true);


--
-- TOC entry 5018 (class 0 OID 0)
-- Dependencies: 246
-- Name: barrio_id_seq; Type: SEQUENCE SET; Schema: public; Owner: postgres
--

SELECT pg_catalog.setval('public.barrio_id_seq', 12, true);


--
-- TOC entry 5019 (class 0 OID 0)
-- Dependencies: 219
-- Name: contact_info_id_seq; Type: SEQUENCE SET; Schema: public; Owner: postgres
--

SELECT pg_catalog.setval('public.contact_info_id_seq', 22, true);


--
-- TOC entry 5020 (class 0 OID 0)
-- Dependencies: 242
-- Name: departamento_id_seq; Type: SEQUENCE SET; Schema: public; Owner: postgres
--

SELECT pg_catalog.setval('public.departamento_id_seq', 1, true);


--
-- TOC entry 5021 (class 0 OID 0)
-- Dependencies: 222
-- Name: glotypes_description_id_seq; Type: SEQUENCE SET; Schema: public; Owner: postgres
--

SELECT pg_catalog.setval('public.glotypes_description_id_seq', 2, true);


--
-- TOC entry 5022 (class 0 OID 0)
-- Dependencies: 223
-- Name: glotypes_id_seq; Type: SEQUENCE SET; Schema: public; Owner: postgres
--

SELECT pg_catalog.setval('public.glotypes_id_seq', 9, true);


--
-- TOC entry 5023 (class 0 OID 0)
-- Dependencies: 238
-- Name: module_action_id_seq; Type: SEQUENCE SET; Schema: public; Owner: postgres
--

SELECT pg_catalog.setval('public.module_action_id_seq', 29, true);


--
-- TOC entry 5024 (class 0 OID 0)
-- Dependencies: 225
-- Name: module_id_seq; Type: SEQUENCE SET; Schema: public; Owner: postgres
--

SELECT pg_catalog.setval('public.module_id_seq', 11, true);


--
-- TOC entry 5025 (class 0 OID 0)
-- Dependencies: 244
-- Name: municipio_id_seq; Type: SEQUENCE SET; Schema: public; Owner: postgres
--

SELECT pg_catalog.setval('public.municipio_id_seq', 4, true);


--
-- TOC entry 5026 (class 0 OID 0)
-- Dependencies: 240
-- Name: pais_id_seq; Type: SEQUENCE SET; Schema: public; Owner: postgres
--

SELECT pg_catalog.setval('public.pais_id_seq', 1, true);


--
-- TOC entry 5027 (class 0 OID 0)
-- Dependencies: 227
-- Name: person_id_seq; Type: SEQUENCE SET; Schema: public; Owner: postgres
--

SELECT pg_catalog.setval('public.person_id_seq', 8, true);


--
-- TOC entry 5028 (class 0 OID 0)
-- Dependencies: 229
-- Name: role_id_seq; Type: SEQUENCE SET; Schema: public; Owner: postgres
--

SELECT pg_catalog.setval('public.role_id_seq', 3, true);


--
-- TOC entry 5029 (class 0 OID 0)
-- Dependencies: 231
-- Name: role_permission_id_seq; Type: SEQUENCE SET; Schema: public; Owner: postgres
--

SELECT pg_catalog.setval('public.role_permission_id_seq', 58, true);


--
-- TOC entry 5030 (class 0 OID 0)
-- Dependencies: 233
-- Name: user_id_seq; Type: SEQUENCE SET; Schema: public; Owner: postgres
--

SELECT pg_catalog.setval('public.user_id_seq', 26, true);


--
-- TOC entry 5031 (class 0 OID 0)
-- Dependencies: 235
-- Name: user_permission_id_seq; Type: SEQUENCE SET; Schema: public; Owner: postgres
--

SELECT pg_catalog.setval('public.user_permission_id_seq', 55, true);


--
-- TOC entry 5032 (class 0 OID 0)
-- Dependencies: 237
-- Name: user_role_id_seq; Type: SEQUENCE SET; Schema: public; Owner: postgres
--

SELECT pg_catalog.setval('public.user_role_id_seq', 32, true);


--
-- TOC entry 4780 (class 2606 OID 17254)
-- Name: action action_pkey; Type: CONSTRAINT; Schema: public; Owner: postgres
--

ALTER TABLE ONLY public.action
    ADD CONSTRAINT action_pkey PRIMARY KEY (id);


--
-- TOC entry 4813 (class 2606 OID 17449)
-- Name: barrio barrio_pkey; Type: CONSTRAINT; Schema: public; Owner: postgres
--

ALTER TABLE ONLY public.barrio
    ADD CONSTRAINT barrio_pkey PRIMARY KEY (id);


--
-- TOC entry 4782 (class 2606 OID 17256)
-- Name: contact_info contact_info_pkey; Type: CONSTRAINT; Schema: public; Owner: postgres
--

ALTER TABLE ONLY public.contact_info
    ADD CONSTRAINT contact_info_pkey PRIMARY KEY (id);


--
-- TOC entry 4809 (class 2606 OID 17423)
-- Name: departamento departamento_pkey; Type: CONSTRAINT; Schema: public; Owner: postgres
--

ALTER TABLE ONLY public.departamento
    ADD CONSTRAINT departamento_pkey PRIMARY KEY (id);


--
-- TOC entry 4786 (class 2606 OID 17258)
-- Name: glotypes_description glotypes_description_pkey; Type: CONSTRAINT; Schema: public; Owner: postgres
--

ALTER TABLE ONLY public.glotypes_description
    ADD CONSTRAINT glotypes_description_pkey PRIMARY KEY (id);


--
-- TOC entry 4784 (class 2606 OID 17260)
-- Name: glotypes glotypes_pkey; Type: CONSTRAINT; Schema: public; Owner: postgres
--

ALTER TABLE ONLY public.glotypes
    ADD CONSTRAINT glotypes_pkey PRIMARY KEY (id);


--
-- TOC entry 4805 (class 2606 OID 17353)
-- Name: module_action module_action_pkey; Type: CONSTRAINT; Schema: public; Owner: postgres
--

ALTER TABLE ONLY public.module_action
    ADD CONSTRAINT module_action_pkey PRIMARY KEY (id);


--
-- TOC entry 4788 (class 2606 OID 17262)
-- Name: module module_pkey; Type: CONSTRAINT; Schema: public; Owner: postgres
--

ALTER TABLE ONLY public.module
    ADD CONSTRAINT module_pkey PRIMARY KEY (id);


--
-- TOC entry 4811 (class 2606 OID 17436)
-- Name: municipio municipio_pkey; Type: CONSTRAINT; Schema: public; Owner: postgres
--

ALTER TABLE ONLY public.municipio
    ADD CONSTRAINT municipio_pkey PRIMARY KEY (id);


--
-- TOC entry 4807 (class 2606 OID 17415)
-- Name: pais pais_pkey; Type: CONSTRAINT; Schema: public; Owner: postgres
--

ALTER TABLE ONLY public.pais
    ADD CONSTRAINT pais_pkey PRIMARY KEY (id);


--
-- TOC entry 4790 (class 2606 OID 17264)
-- Name: person person_pkey; Type: CONSTRAINT; Schema: public; Owner: postgres
--

ALTER TABLE ONLY public.person
    ADD CONSTRAINT person_pkey PRIMARY KEY (id);


--
-- TOC entry 4794 (class 2606 OID 17266)
-- Name: role_permission role_permission_pkey; Type: CONSTRAINT; Schema: public; Owner: postgres
--

ALTER TABLE ONLY public.role_permission
    ADD CONSTRAINT role_permission_pkey PRIMARY KEY (id);


--
-- TOC entry 4792 (class 2606 OID 17268)
-- Name: role role_pkey; Type: CONSTRAINT; Schema: public; Owner: postgres
--

ALTER TABLE ONLY public.role
    ADD CONSTRAINT role_pkey PRIMARY KEY (id);


--
-- TOC entry 4799 (class 2606 OID 17270)
-- Name: user_permission user_permission_pkey; Type: CONSTRAINT; Schema: public; Owner: postgres
--

ALTER TABLE ONLY public.user_permission
    ADD CONSTRAINT user_permission_pkey PRIMARY KEY (id);


--
-- TOC entry 4797 (class 2606 OID 17272)
-- Name: user user_pkey; Type: CONSTRAINT; Schema: public; Owner: postgres
--

ALTER TABLE ONLY public."user"
    ADD CONSTRAINT user_pkey PRIMARY KEY (id);


--
-- TOC entry 4802 (class 2606 OID 17274)
-- Name: user_role user_role_pkey; Type: CONSTRAINT; Schema: public; Owner: postgres
--

ALTER TABLE ONLY public.user_role
    ADD CONSTRAINT user_role_pkey PRIMARY KEY (id);


--
-- TOC entry 4795 (class 1259 OID 17275)
-- Name: role_permission_role_id_action_id_module_id_idx; Type: INDEX; Schema: public; Owner: postgres
--

CREATE UNIQUE INDEX role_permission_role_id_action_id_module_id_idx ON public.role_permission USING btree (role_id, action_id, module_id);


--
-- TOC entry 4800 (class 1259 OID 17276)
-- Name: user_permission_user_id_action_id_module_id_idx; Type: INDEX; Schema: public; Owner: postgres
--

CREATE UNIQUE INDEX user_permission_user_id_action_id_module_id_idx ON public.user_permission USING btree (user_id, action_id, module_id);


--
-- TOC entry 4803 (class 1259 OID 17277)
-- Name: user_role_user_id_role_id_idx; Type: INDEX; Schema: public; Owner: postgres
--

CREATE UNIQUE INDEX user_role_user_id_role_id_idx ON public.user_role USING btree (user_id, role_id);


--
-- TOC entry 4830 (class 2606 OID 17450)
-- Name: barrio barrio_id_municipio_fkey; Type: FK CONSTRAINT; Schema: public; Owner: postgres
--

ALTER TABLE ONLY public.barrio
    ADD CONSTRAINT barrio_id_municipio_fkey FOREIGN KEY (id_municipio) REFERENCES public.municipio(id);


--
-- TOC entry 4814 (class 2606 OID 17278)
-- Name: contact_info contact_info; Type: FK CONSTRAINT; Schema: public; Owner: postgres
--

ALTER TABLE ONLY public.contact_info
    ADD CONSTRAINT contact_info FOREIGN KEY (person) REFERENCES public.person(id);


--
-- TOC entry 4815 (class 2606 OID 17283)
-- Name: contact_info contact_info_person; Type: FK CONSTRAINT; Schema: public; Owner: postgres
--

ALTER TABLE ONLY public.contact_info
    ADD CONSTRAINT contact_info_person FOREIGN KEY (person) REFERENCES public.person(id);


--
-- TOC entry 4816 (class 2606 OID 17288)
-- Name: contact_info contact_info_type; Type: FK CONSTRAINT; Schema: public; Owner: postgres
--

ALTER TABLE ONLY public.contact_info
    ADD CONSTRAINT contact_info_type FOREIGN KEY (type) REFERENCES public.glotypes(id);


--
-- TOC entry 4828 (class 2606 OID 17424)
-- Name: departamento departamento_id_pais_fkey; Type: FK CONSTRAINT; Schema: public; Owner: postgres
--

ALTER TABLE ONLY public.departamento
    ADD CONSTRAINT departamento_id_pais_fkey FOREIGN KEY (id_pais) REFERENCES public.pais(id);


--
-- TOC entry 4826 (class 2606 OID 17359)
-- Name: module_action fk_action; Type: FK CONSTRAINT; Schema: public; Owner: postgres
--

ALTER TABLE ONLY public.module_action
    ADD CONSTRAINT fk_action FOREIGN KEY (action_id) REFERENCES public.action(id);


--
-- TOC entry 4827 (class 2606 OID 17354)
-- Name: module_action fk_module; Type: FK CONSTRAINT; Schema: public; Owner: postgres
--

ALTER TABLE ONLY public.module_action
    ADD CONSTRAINT fk_module FOREIGN KEY (module_id) REFERENCES public.module(id);


--
-- TOC entry 4817 (class 2606 OID 17293)
-- Name: glotypes glotypes_type; Type: FK CONSTRAINT; Schema: public; Owner: postgres
--

ALTER TABLE ONLY public.glotypes
    ADD CONSTRAINT glotypes_type FOREIGN KEY (type) REFERENCES public.glotypes_description(id);


--
-- TOC entry 4829 (class 2606 OID 17437)
-- Name: municipio municipio_id_departamento_fkey; Type: FK CONSTRAINT; Schema: public; Owner: postgres
--

ALTER TABLE ONLY public.municipio
    ADD CONSTRAINT municipio_id_departamento_fkey FOREIGN KEY (id_departamento) REFERENCES public.departamento(id);


--
-- TOC entry 4818 (class 2606 OID 17298)
-- Name: role_permission role_permission_action; Type: FK CONSTRAINT; Schema: public; Owner: postgres
--

ALTER TABLE ONLY public.role_permission
    ADD CONSTRAINT role_permission_action FOREIGN KEY (action_id) REFERENCES public.action(id);


--
-- TOC entry 4819 (class 2606 OID 17303)
-- Name: role_permission role_permission_module; Type: FK CONSTRAINT; Schema: public; Owner: postgres
--

ALTER TABLE ONLY public.role_permission
    ADD CONSTRAINT role_permission_module FOREIGN KEY (module_id) REFERENCES public.module(id);


--
-- TOC entry 4820 (class 2606 OID 17308)
-- Name: role_permission role_permission_role; Type: FK CONSTRAINT; Schema: public; Owner: postgres
--

ALTER TABLE ONLY public.role_permission
    ADD CONSTRAINT role_permission_role FOREIGN KEY (role_id) REFERENCES public.role(id);


--
-- TOC entry 4821 (class 2606 OID 17313)
-- Name: user_permission user_permission_action; Type: FK CONSTRAINT; Schema: public; Owner: postgres
--

ALTER TABLE ONLY public.user_permission
    ADD CONSTRAINT user_permission_action FOREIGN KEY (action_id) REFERENCES public.action(id);


--
-- TOC entry 4822 (class 2606 OID 17318)
-- Name: user_permission user_permission_module; Type: FK CONSTRAINT; Schema: public; Owner: postgres
--

ALTER TABLE ONLY public.user_permission
    ADD CONSTRAINT user_permission_module FOREIGN KEY (module_id) REFERENCES public.module(id);


--
-- TOC entry 4823 (class 2606 OID 17323)
-- Name: user_permission user_permission_user; Type: FK CONSTRAINT; Schema: public; Owner: postgres
--

ALTER TABLE ONLY public.user_permission
    ADD CONSTRAINT user_permission_user FOREIGN KEY (user_id) REFERENCES public."user"(id);


--
-- TOC entry 4824 (class 2606 OID 17328)
-- Name: user_role user_role_role; Type: FK CONSTRAINT; Schema: public; Owner: postgres
--

ALTER TABLE ONLY public.user_role
    ADD CONSTRAINT user_role_role FOREIGN KEY (role_id) REFERENCES public.role(id);


--
-- TOC entry 4825 (class 2606 OID 17333)
-- Name: user_role user_role_user; Type: FK CONSTRAINT; Schema: public; Owner: postgres
--

ALTER TABLE ONLY public.user_role
    ADD CONSTRAINT user_role_user FOREIGN KEY (user_id) REFERENCES public."user"(id);


-- Completed on 2025-08-15 15:40:06

--
-- PostgreSQL database dump complete
--

